slug,name,created_at
ambient,ambient,2026-06-25 09:05:56.916018+00
berlin,berlin,2026-06-25 09:05:56.916018+00
copenhagen,copenhagen,2026-06-25 09:05:56.916018+00
decay,decay,2026-06-25 09:05:56.916018+00
design,design,2026-06-25 09:05:56.916018+00
fog,fog,2026-06-25 09:05:56.916018+00
geology,geology,2026-06-25 09:05:56.916018+00
industrial,industrial,2026-06-25 09:05:56.916018+00
italy,italy,2026-06-25 09:05:56.916018+00
japan,japan,2026-06-25 09:05:56.916018+00
motion,motion,2026-06-25 09:05:56.916018+00
scotland,scotland,2026-06-25 09:05:56.916018+00
skye,skye,2026-06-25 09:05:56.916018+00
stations,stations,2026-06-25 09:05:56.916018+00
summer,summer,2026-06-25 09:05:56.916018+00
tuscany,tuscany,2026-06-25 09:05:56.916018+00
typology,typology,2026-06-25 09:05:56.916018+00
vertical,vertical,2026-06-25 09:05:56.916018+00
walking,walking,2026-06-25 09:05:56.916018+00
winter,winter,2026-06-25 09:05:56.916018+00
